shard,round,side,bench,ns_per_op_median,n_samples
1,1,A,BenchmarkFullDirLoad_1000,107332520.0,5
1,1,A,BenchmarkIncrementalLoad_1000_NoChange,5474903.0,5
1,1,A,BenchmarkResolveSilentModes_1000,87614.0,5
1,1,A,BenchmarkScanDirFileHashes_1000,5405122.0,5
1,1,B,BenchmarkFullDirLoad_1000,109379915.0,5
1,1,B,BenchmarkIncrementalLoad_1000_NoChange,5507107.0,5
1,1,B,BenchmarkResolveSilentModes_1000,85656.0,5
1,1,B,BenchmarkScanDirFileHashes_1000,5349837.0,5
1,2,A,BenchmarkFullDirLoad_1000,106743893.0,5
1,2,A,BenchmarkIncrementalLoad_1000_NoChange,5364633.0,5
1,2,A,BenchmarkResolveSilentModes_1000,83269.0,5
1,2,A,BenchmarkScanDirFileHashes_1000,5270188.0,5
1,2,B,BenchmarkFullDirLoad_1000,105506615.0,5
1,2,B,BenchmarkIncrementalLoad_1000_NoChange,5389716.0,5
1,2,B,BenchmarkResolveSilentModes_1000,84291.0,5
1,2,B,BenchmarkScanDirFileHashes_1000,5295625.0,5
1,3,A,BenchmarkFullDirLoad_1000,106082118.0,5
1,3,A,BenchmarkIncrementalLoad_1000_NoChange,5413052.0,5
1,3,A,BenchmarkResolveSilentModes_1000,83351.0,5
1,3,A,BenchmarkScanDirFileHashes_1000,5306099.0,5
1,3,B,BenchmarkFullDirLoad_1000,104856790.0,5
1,3,B,BenchmarkIncrementalLoad_1000_NoChange,5406951.0,5
1,3,B,BenchmarkResolveSilentModes_1000,83965.0,5
1,3,B,BenchmarkScanDirFileHashes_1000,5282143.0,5
1,4,A,BenchmarkFullDirLoad_1000,111957242.0,5
1,4,A,BenchmarkIncrementalLoad_1000_NoChange,5546687.0,5
1,4,A,BenchmarkResolveSilentModes_1000,85301.0,5
1,4,A,BenchmarkScanDirFileHashes_1000,5362468.0,5
1,4,B,BenchmarkFullDirLoad_1000,104109622.0,5
1,4,B,BenchmarkIncrementalLoad_1000_NoChange,5365839.0,5
1,4,B,BenchmarkResolveSilentModes_1000,83410.0,5
1,4,B,BenchmarkScanDirFileHashes_1000,5273435.0,5
1,5,A,BenchmarkFullDirLoad_1000,104856676.0,5
1,5,A,BenchmarkIncrementalLoad_1000_NoChange,5387704.0,5
1,5,A,BenchmarkResolveSilentModes_1000,83571.0,5
1,5,A,BenchmarkScanDirFileHashes_1000,5289059.0,5
1,5,B,BenchmarkFullDirLoad_1000,103830666.0,5
1,5,B,BenchmarkIncrementalLoad_1000_NoChange,5353950.0,5
1,5,B,BenchmarkResolveSilentModes_1000,83075.0,5
1,5,B,BenchmarkScanDirFileHashes_1000,5463015.0,5
1,6,A,BenchmarkFullDirLoad_1000,108797464.0,5
1,6,A,BenchmarkIncrementalLoad_1000_NoChange,5641577.0,5
1,6,A,BenchmarkResolveSilentModes_1000,85347.0,5
1,6,A,BenchmarkScanDirFileHashes_1000,5628114.0,5
1,6,B,BenchmarkFullDirLoad_1000,108821103.0,5
1,6,B,BenchmarkIncrementalLoad_1000_NoChange,5544221.0,5
1,6,B,BenchmarkResolveSilentModes_1000,86785.0,5
1,6,B,BenchmarkScanDirFileHashes_1000,5447595.0,5
2,1,A,BenchmarkFullDirLoad_1000,181701609.0,5
2,1,A,BenchmarkIncrementalLoad_1000_NoChange,16391286.0,5
2,1,A,BenchmarkResolveSilentModes_1000,114525.0,5
2,1,A,BenchmarkScanDirFileHashes_1000,16098717.0,5
2,1,B,BenchmarkFullDirLoad_1000,182082787.0,5
2,1,B,BenchmarkIncrementalLoad_1000_NoChange,16873667.0,5
2,1,B,BenchmarkResolveSilentModes_1000,113905.0,5
2,1,B,BenchmarkScanDirFileHashes_1000,16610464.0,5
2,2,A,BenchmarkFullDirLoad_1000,185317057.0,5
2,2,A,BenchmarkIncrementalLoad_1000_NoChange,16611354.0,5
2,2,A,BenchmarkResolveSilentModes_1000,114086.0,5
2,2,A,BenchmarkScanDirFileHashes_1000,16310508.0,5
2,2,B,BenchmarkFullDirLoad_1000,186155011.0,5
2,2,B,BenchmarkIncrementalLoad_1000_NoChange,16567253.0,5
2,2,B,BenchmarkResolveSilentModes_1000,114652.0,5
2,2,B,BenchmarkScanDirFileHashes_1000,16232772.0,5
2,3,A,BenchmarkFullDirLoad_1000,184489196.0,5
2,3,A,BenchmarkIncrementalLoad_1000_NoChange,16632102.0,5
2,3,A,BenchmarkResolveSilentModes_1000,113471.0,5
2,3,A,BenchmarkScanDirFileHashes_1000,16271176.0,5
2,3,B,BenchmarkFullDirLoad_1000,184561327.0,5
2,3,B,BenchmarkIncrementalLoad_1000_NoChange,16916549.0,5
2,3,B,BenchmarkResolveSilentModes_1000,114740.0,5
2,3,B,BenchmarkScanDirFileHashes_1000,16270812.0,5
2,4,A,BenchmarkFullDirLoad_1000,188198218.0,5
2,4,A,BenchmarkIncrementalLoad_1000_NoChange,16721531.0,5
2,4,A,BenchmarkResolveSilentModes_1000,112499.0,5
2,4,A,BenchmarkScanDirFileHashes_1000,16393795.0,5
2,4,B,BenchmarkFullDirLoad_1000,184526359.0,5
2,4,B,BenchmarkIncrementalLoad_1000_NoChange,16627770.0,5
2,4,B,BenchmarkResolveSilentModes_1000,114083.0,5
2,4,B,BenchmarkScanDirFileHashes_1000,16361837.0,5
2,5,A,BenchmarkFullDirLoad_1000,183774899.0,5
2,5,A,BenchmarkIncrementalLoad_1000_NoChange,16676760.0,5
2,5,A,BenchmarkResolveSilentModes_1000,111222.0,5
2,5,A,BenchmarkScanDirFileHashes_1000,16488861.0,5
2,5,B,BenchmarkFullDirLoad_1000,188027360.0,5
2,5,B,BenchmarkIncrementalLoad_1000_NoChange,16821657.0,5
2,5,B,BenchmarkResolveSilentModes_1000,112576.0,5
2,5,B,BenchmarkScanDirFileHashes_1000,16344623.0,5
2,6,A,BenchmarkFullDirLoad_1000,182323156.0,5
2,6,A,BenchmarkIncrementalLoad_1000_NoChange,16417863.0,5
2,6,A,BenchmarkResolveSilentModes_1000,114426.0,5
2,6,A,BenchmarkScanDirFileHashes_1000,16202373.0,5
2,6,B,BenchmarkFullDirLoad_1000,182511435.0,5
2,6,B,BenchmarkIncrementalLoad_1000_NoChange,16511480.0,5
2,6,B,BenchmarkResolveSilentModes_1000,112039.0,5
2,6,B,BenchmarkScanDirFileHashes_1000,16093780.0,5
3,1,A,BenchmarkFullDirLoad_1000,147454197.0,5
3,1,A,BenchmarkIncrementalLoad_1000_NoChange,7521102.0,5
3,1,A,BenchmarkResolveSilentModes_1000,113408.0,5
3,1,A,BenchmarkScanDirFileHashes_1000,7392752.0,5
3,1,B,BenchmarkFullDirLoad_1000,147129035.0,5
3,1,B,BenchmarkIncrementalLoad_1000_NoChange,7531001.0,5
3,1,B,BenchmarkResolveSilentModes_1000,108574.0,5
3,1,B,BenchmarkScanDirFileHashes_1000,7369485.0,5
3,2,A,BenchmarkFullDirLoad_1000,147127418.0,5
3,2,A,BenchmarkIncrementalLoad_1000_NoChange,7534353.0,5
3,2,A,BenchmarkResolveSilentModes_1000,111213.0,5
3,2,A,BenchmarkScanDirFileHashes_1000,7360607.0,5
3,2,B,BenchmarkFullDirLoad_1000,147931200.0,5
3,2,B,BenchmarkIncrementalLoad_1000_NoChange,7494231.0,5
3,2,B,BenchmarkResolveSilentModes_1000,111580.0,5
3,2,B,BenchmarkScanDirFileHashes_1000,7407169.0,5
3,3,A,BenchmarkFullDirLoad_1000,147645201.0,5
3,3,A,BenchmarkIncrementalLoad_1000_NoChange,7549345.0,5
3,3,A,BenchmarkResolveSilentModes_1000,112285.0,5
3,3,A,BenchmarkScanDirFileHashes_1000,7437089.0,5
3,3,B,BenchmarkFullDirLoad_1000,147683914.0,5
3,3,B,BenchmarkIncrementalLoad_1000_NoChange,7545320.0,5
3,3,B,BenchmarkResolveSilentModes_1000,110957.0,5
3,3,B,BenchmarkScanDirFileHashes_1000,7406904.0,5
3,4,A,BenchmarkFullDirLoad_1000,148605168.0,5
3,4,A,BenchmarkIncrementalLoad_1000_NoChange,7679430.0,5
3,4,A,BenchmarkResolveSilentModes_1000,111235.0,5
3,4,A,BenchmarkScanDirFileHashes_1000,7457517.0,5
3,4,B,BenchmarkFullDirLoad_1000,148955025.0,5
3,4,B,BenchmarkIncrementalLoad_1000_NoChange,7599221.0,5
3,4,B,BenchmarkResolveSilentModes_1000,110358.0,5
3,4,B,BenchmarkScanDirFileHashes_1000,7420038.0,5
3,5,A,BenchmarkFullDirLoad_1000,150947386.0,5
3,5,A,BenchmarkIncrementalLoad_1000_NoChange,7629576.0,5
3,5,A,BenchmarkResolveSilentModes_1000,114768.0,5
3,5,A,BenchmarkScanDirFileHashes_1000,7498982.0,5
3,5,B,BenchmarkFullDirLoad_1000,150314725.0,5
3,5,B,BenchmarkIncrementalLoad_1000_NoChange,7683133.0,5
3,5,B,BenchmarkResolveSilentModes_1000,112495.0,5
3,5,B,BenchmarkScanDirFileHashes_1000,7591930.0,5
3,6,A,BenchmarkFullDirLoad_1000,150339725.0,5
3,6,A,BenchmarkIncrementalLoad_1000_NoChange,7720479.0,5
3,6,A,BenchmarkResolveSilentModes_1000,112228.0,5
3,6,A,BenchmarkScanDirFileHashes_1000,7521528.0,5
3,6,B,BenchmarkFullDirLoad_1000,151920027.0,5
3,6,B,BenchmarkIncrementalLoad_1000_NoChange,7822081.0,5
3,6,B,BenchmarkResolveSilentModes_1000,110930.0,5
3,6,B,BenchmarkScanDirFileHashes_1000,7559132.0,5
4,1,A,BenchmarkFullDirLoad_1000,187663155.0,5
4,1,A,BenchmarkIncrementalLoad_1000_NoChange,13271800.0,5
4,1,A,BenchmarkResolveSilentModes_1000,124089.0,5
4,1,A,BenchmarkScanDirFileHashes_1000,12871484.0,5
4,1,B,BenchmarkFullDirLoad_1000,187238680.0,5
4,1,B,BenchmarkIncrementalLoad_1000_NoChange,13300047.0,5
4,1,B,BenchmarkResolveSilentModes_1000,123702.0,5
4,1,B,BenchmarkScanDirFileHashes_1000,12872149.0,5
4,2,A,BenchmarkFullDirLoad_1000,187728133.0,5
4,2,A,BenchmarkIncrementalLoad_1000_NoChange,13244810.0,5
4,2,A,BenchmarkResolveSilentModes_1000,124639.0,5
4,2,A,BenchmarkScanDirFileHashes_1000,13057004.0,5
4,2,B,BenchmarkFullDirLoad_1000,186672207.0,5
4,2,B,BenchmarkIncrementalLoad_1000_NoChange,13275521.0,5
4,2,B,BenchmarkResolveSilentModes_1000,122902.0,5
4,2,B,BenchmarkScanDirFileHashes_1000,12890665.0,5
4,3,A,BenchmarkFullDirLoad_1000,187178085.0,5
4,3,A,BenchmarkIncrementalLoad_1000_NoChange,13328575.0,5
4,3,A,BenchmarkResolveSilentModes_1000,122862.0,5
4,3,A,BenchmarkScanDirFileHashes_1000,12867186.0,5
4,3,B,BenchmarkFullDirLoad_1000,187768191.0,5
4,3,B,BenchmarkIncrementalLoad_1000_NoChange,13272139.0,5
4,3,B,BenchmarkResolveSilentModes_1000,123386.0,5
4,3,B,BenchmarkScanDirFileHashes_1000,12824316.0,5
4,4,A,BenchmarkFullDirLoad_1000,185604912.0,5
4,4,A,BenchmarkIncrementalLoad_1000_NoChange,13056972.0,5
4,4,A,BenchmarkResolveSilentModes_1000,123191.0,5
4,4,A,BenchmarkScanDirFileHashes_1000,12758975.0,5
4,4,B,BenchmarkFullDirLoad_1000,184734987.0,5
4,4,B,BenchmarkIncrementalLoad_1000_NoChange,13014934.0,5
4,4,B,BenchmarkResolveSilentModes_1000,124341.0,5
4,4,B,BenchmarkScanDirFileHashes_1000,12769827.0,5
4,5,A,BenchmarkFullDirLoad_1000,188060670.0,5
4,5,A,BenchmarkIncrementalLoad_1000_NoChange,12996174.0,5
4,5,A,BenchmarkResolveSilentModes_1000,123972.0,5
4,5,A,BenchmarkScanDirFileHashes_1000,12686180.0,5
4,5,B,BenchmarkFullDirLoad_1000,184883321.0,5
4,5,B,BenchmarkIncrementalLoad_1000_NoChange,12993339.0,5
4,5,B,BenchmarkResolveSilentModes_1000,122206.0,5
4,5,B,BenchmarkScanDirFileHashes_1000,12688172.0,5
4,6,A,BenchmarkFullDirLoad_1000,185055519.0,5
4,6,A,BenchmarkIncrementalLoad_1000_NoChange,13037154.0,5
4,6,A,BenchmarkResolveSilentModes_1000,122164.0,5
4,6,A,BenchmarkScanDirFileHashes_1000,12660414.0,5
4,6,B,BenchmarkFullDirLoad_1000,186463248.0,5
4,6,B,BenchmarkIncrementalLoad_1000_NoChange,13126360.0,5
4,6,B,BenchmarkResolveSilentModes_1000,122822.0,5
4,6,B,BenchmarkScanDirFileHashes_1000,12710418.0,5
5,1,A,BenchmarkFullDirLoad_1000,191317458.0,5
5,1,A,BenchmarkIncrementalLoad_1000_NoChange,13359029.0,5
5,1,A,BenchmarkResolveSilentModes_1000,123985.0,5
5,1,A,BenchmarkScanDirFileHashes_1000,13110294.0,5
5,1,B,BenchmarkFullDirLoad_1000,191518939.0,5
5,1,B,BenchmarkIncrementalLoad_1000_NoChange,13510942.0,5
5,1,B,BenchmarkResolveSilentModes_1000,123681.0,5
5,1,B,BenchmarkScanDirFileHashes_1000,13363598.0,5
5,2,A,BenchmarkFullDirLoad_1000,192345658.0,5
5,2,A,BenchmarkIncrementalLoad_1000_NoChange,13648729.0,5
5,2,A,BenchmarkResolveSilentModes_1000,126504.0,5
5,2,A,BenchmarkScanDirFileHashes_1000,13318621.0,5
5,2,B,BenchmarkFullDirLoad_1000,193572986.0,5
5,2,B,BenchmarkIncrementalLoad_1000_NoChange,13776183.0,5
5,2,B,BenchmarkResolveSilentModes_1000,126556.0,5
5,2,B,BenchmarkScanDirFileHashes_1000,13742439.0,5
5,3,A,BenchmarkFullDirLoad_1000,197011107.0,5
5,3,A,BenchmarkIncrementalLoad_1000_NoChange,13982596.0,5
5,3,A,BenchmarkResolveSilentModes_1000,124167.0,5
5,3,A,BenchmarkScanDirFileHashes_1000,13518471.0,5
5,3,B,BenchmarkFullDirLoad_1000,196216160.0,5
5,3,B,BenchmarkIncrementalLoad_1000_NoChange,13677758.0,5
5,3,B,BenchmarkResolveSilentModes_1000,124709.0,5
5,3,B,BenchmarkScanDirFileHashes_1000,13284530.0,5
5,4,A,BenchmarkFullDirLoad_1000,196807368.0,5
5,4,A,BenchmarkIncrementalLoad_1000_NoChange,13849004.0,5
5,4,A,BenchmarkResolveSilentModes_1000,126353.0,5
5,4,A,BenchmarkScanDirFileHashes_1000,13817467.0,5
5,4,B,BenchmarkFullDirLoad_1000,190573432.0,5
5,4,B,BenchmarkIncrementalLoad_1000_NoChange,13877294.0,5
5,4,B,BenchmarkResolveSilentModes_1000,123172.0,5
5,4,B,BenchmarkScanDirFileHashes_1000,13734255.0,5
5,5,A,BenchmarkFullDirLoad_1000,194157820.0,5
5,5,A,BenchmarkIncrementalLoad_1000_NoChange,13551816.0,5
5,5,A,BenchmarkResolveSilentModes_1000,125741.0,5
5,5,A,BenchmarkScanDirFileHashes_1000,13280659.0,5
5,5,B,BenchmarkFullDirLoad_1000,191960409.0,5
5,5,B,BenchmarkIncrementalLoad_1000_NoChange,13836177.0,5
5,5,B,BenchmarkResolveSilentModes_1000,125277.0,5
5,5,B,BenchmarkScanDirFileHashes_1000,13284854.0,5
5,6,A,BenchmarkFullDirLoad_1000,191876771.0,5
5,6,A,BenchmarkIncrementalLoad_1000_NoChange,13461234.0,5
5,6,A,BenchmarkResolveSilentModes_1000,123695.0,5
5,6,A,BenchmarkScanDirFileHashes_1000,13361527.0,5
5,6,B,BenchmarkFullDirLoad_1000,195351714.0,5
5,6,B,BenchmarkIncrementalLoad_1000_NoChange,13663606.0,5
5,6,B,BenchmarkResolveSilentModes_1000,123002.0,5
5,6,B,BenchmarkScanDirFileHashes_1000,13795886.0,5
6,1,A,BenchmarkFullDirLoad_1000,132170185.0,5
6,1,A,BenchmarkIncrementalLoad_1000_NoChange,6445340.0,5
6,1,A,BenchmarkResolveSilentModes_1000,101364.0,5
6,1,A,BenchmarkScanDirFileHashes_1000,6377538.0,5
6,1,B,BenchmarkFullDirLoad_1000,129466956.0,5
6,1,B,BenchmarkIncrementalLoad_1000_NoChange,6414940.0,5
6,1,B,BenchmarkResolveSilentModes_1000,99413.0,5
6,1,B,BenchmarkScanDirFileHashes_1000,6590896.0,5
6,2,A,BenchmarkFullDirLoad_1000,134982712.0,5
6,2,A,BenchmarkIncrementalLoad_1000_NoChange,6618504.0,5
6,2,A,BenchmarkResolveSilentModes_1000,102993.0,5
6,2,A,BenchmarkScanDirFileHashes_1000,6701384.0,5
6,2,B,BenchmarkFullDirLoad_1000,134446268.0,5
6,2,B,BenchmarkIncrementalLoad_1000_NoChange,6729074.0,5
6,2,B,BenchmarkResolveSilentModes_1000,104062.0,5
6,2,B,BenchmarkScanDirFileHashes_1000,6617543.0,5
6,3,A,BenchmarkFullDirLoad_1000,137755444.0,5
6,3,A,BenchmarkIncrementalLoad_1000_NoChange,6734344.0,5
6,3,A,BenchmarkResolveSilentModes_1000,103757.0,5
6,3,A,BenchmarkScanDirFileHashes_1000,6465953.0,5
6,3,B,BenchmarkFullDirLoad_1000,131540375.0,5
6,3,B,BenchmarkIncrementalLoad_1000_NoChange,6400976.0,5
6,3,B,BenchmarkResolveSilentModes_1000,99175.0,5
6,3,B,BenchmarkScanDirFileHashes_1000,6336938.0,5
6,4,A,BenchmarkFullDirLoad_1000,130039553.0,5
6,4,A,BenchmarkIncrementalLoad_1000_NoChange,6397140.0,5
6,4,A,BenchmarkResolveSilentModes_1000,100093.0,5
6,4,A,BenchmarkScanDirFileHashes_1000,6320747.0,5
6,4,B,BenchmarkFullDirLoad_1000,130788428.0,5
6,4,B,BenchmarkIncrementalLoad_1000_NoChange,6455142.0,5
6,4,B,BenchmarkResolveSilentModes_1000,100282.0,5
6,4,B,BenchmarkScanDirFileHashes_1000,6323958.0,5
6,5,A,BenchmarkFullDirLoad_1000,131417244.0,5
6,5,A,BenchmarkIncrementalLoad_1000_NoChange,6384121.0,5
6,5,A,BenchmarkResolveSilentModes_1000,100822.0,5
6,5,A,BenchmarkScanDirFileHashes_1000,6316256.0,5
6,5,B,BenchmarkFullDirLoad_1000,129844934.0,5
6,5,B,BenchmarkIncrementalLoad_1000_NoChange,6548194.0,5
6,5,B,BenchmarkResolveSilentModes_1000,97463.0,5
6,5,B,BenchmarkScanDirFileHashes_1000,6437401.0,5
6,6,A,BenchmarkFullDirLoad_1000,129601394.0,5
6,6,A,BenchmarkIncrementalLoad_1000_NoChange,6390378.0,5
6,6,A,BenchmarkResolveSilentModes_1000,97331.0,5
6,6,A,BenchmarkScanDirFileHashes_1000,6284345.0,5
6,6,B,BenchmarkFullDirLoad_1000,129674584.0,5
6,6,B,BenchmarkIncrementalLoad_1000_NoChange,6412138.0,5
6,6,B,BenchmarkResolveSilentModes_1000,100461.0,5
6,6,B,BenchmarkScanDirFileHashes_1000,6292217.0,5
7,1,A,BenchmarkFullDirLoad_1000,183589343.0,5
7,1,A,BenchmarkIncrementalLoad_1000_NoChange,12894557.0,5
7,1,A,BenchmarkResolveSilentModes_1000,121689.0,5
7,1,A,BenchmarkScanDirFileHashes_1000,12624541.0,5
7,1,B,BenchmarkFullDirLoad_1000,181536964.0,5
7,1,B,BenchmarkIncrementalLoad_1000_NoChange,12803777.0,5
7,1,B,BenchmarkResolveSilentModes_1000,120464.0,5
7,1,B,BenchmarkScanDirFileHashes_1000,12572557.0,5
7,2,A,BenchmarkFullDirLoad_1000,182812040.0,5
7,2,A,BenchmarkIncrementalLoad_1000_NoChange,12864205.0,5
7,2,A,BenchmarkResolveSilentModes_1000,119626.0,5
7,2,A,BenchmarkScanDirFileHashes_1000,12561036.0,5
7,2,B,BenchmarkFullDirLoad_1000,182659474.0,5
7,2,B,BenchmarkIncrementalLoad_1000_NoChange,12824831.0,5
7,2,B,BenchmarkResolveSilentModes_1000,120734.0,5
7,2,B,BenchmarkScanDirFileHashes_1000,12558217.0,5
7,3,A,BenchmarkFullDirLoad_1000,182578196.0,5
7,3,A,BenchmarkIncrementalLoad_1000_NoChange,12703861.0,5
7,3,A,BenchmarkResolveSilentModes_1000,120817.0,5
7,3,A,BenchmarkScanDirFileHashes_1000,12549609.0,5
7,3,B,BenchmarkFullDirLoad_1000,182367631.0,5
7,3,B,BenchmarkIncrementalLoad_1000_NoChange,12702842.0,5
7,3,B,BenchmarkResolveSilentModes_1000,121425.0,5
7,3,B,BenchmarkScanDirFileHashes_1000,12645581.0,5
7,4,A,BenchmarkFullDirLoad_1000,182103194.0,5
7,4,A,BenchmarkIncrementalLoad_1000_NoChange,12707038.0,5
7,4,A,BenchmarkResolveSilentModes_1000,120608.0,5
7,4,A,BenchmarkScanDirFileHashes_1000,12727848.0,5
7,4,B,BenchmarkFullDirLoad_1000,182785654.0,5
7,4,B,BenchmarkIncrementalLoad_1000_NoChange,12936351.0,5
7,4,B,BenchmarkResolveSilentModes_1000,119711.0,5
7,4,B,BenchmarkScanDirFileHashes_1000,12619782.0,5
7,5,A,BenchmarkFullDirLoad_1000,181670323.0,5
7,5,A,BenchmarkIncrementalLoad_1000_NoChange,12762298.0,5
7,5,A,BenchmarkResolveSilentModes_1000,120530.0,5
7,5,A,BenchmarkScanDirFileHashes_1000,12618223.0,5
7,5,B,BenchmarkFullDirLoad_1000,182690184.0,5
7,5,B,BenchmarkIncrementalLoad_1000_NoChange,12708301.0,5
7,5,B,BenchmarkResolveSilentModes_1000,121100.0,5
7,5,B,BenchmarkScanDirFileHashes_1000,12581820.0,5
7,6,A,BenchmarkFullDirLoad_1000,182532532.0,5
7,6,A,BenchmarkIncrementalLoad_1000_NoChange,12924532.0,5
7,6,A,BenchmarkResolveSilentModes_1000,121483.0,5
7,6,A,BenchmarkScanDirFileHashes_1000,12609368.0,5
7,6,B,BenchmarkFullDirLoad_1000,181906067.0,5
7,6,B,BenchmarkIncrementalLoad_1000_NoChange,12761177.0,5
7,6,B,BenchmarkResolveSilentModes_1000,121456.0,5
7,6,B,BenchmarkScanDirFileHashes_1000,12614801.0,5
8,1,A,BenchmarkFullDirLoad_1000,180096822.0,5
8,1,A,BenchmarkIncrementalLoad_1000_NoChange,16221720.0,5
8,1,A,BenchmarkResolveSilentModes_1000,110578.0,5
8,1,A,BenchmarkScanDirFileHashes_1000,15953858.0,5
8,1,B,BenchmarkFullDirLoad_1000,182014566.0,5
8,1,B,BenchmarkIncrementalLoad_1000_NoChange,16281388.0,5
8,1,B,BenchmarkResolveSilentModes_1000,113808.0,5
8,1,B,BenchmarkScanDirFileHashes_1000,16060647.0,5
8,2,A,BenchmarkFullDirLoad_1000,181649079.0,5
8,2,A,BenchmarkIncrementalLoad_1000_NoChange,16363724.0,5
8,2,A,BenchmarkResolveSilentModes_1000,109971.0,5
8,2,A,BenchmarkScanDirFileHashes_1000,16172500.0,5
8,2,B,BenchmarkFullDirLoad_1000,181560066.0,5
8,2,B,BenchmarkIncrementalLoad_1000_NoChange,16216405.0,5
8,2,B,BenchmarkResolveSilentModes_1000,111880.0,5
8,2,B,BenchmarkScanDirFileHashes_1000,15966086.0,5
8,3,A,BenchmarkFullDirLoad_1000,181101848.0,5
8,3,A,BenchmarkIncrementalLoad_1000_NoChange,16326563.0,5
8,3,A,BenchmarkResolveSilentModes_1000,111284.0,5
8,3,A,BenchmarkScanDirFileHashes_1000,15916831.0,5
8,3,B,BenchmarkFullDirLoad_1000,180166271.0,5
8,3,B,BenchmarkIncrementalLoad_1000_NoChange,16108908.0,5
8,3,B,BenchmarkResolveSilentModes_1000,115460.0,5
8,3,B,BenchmarkScanDirFileHashes_1000,15888019.0,5
8,4,A,BenchmarkFullDirLoad_1000,183381874.0,5
8,4,A,BenchmarkIncrementalLoad_1000_NoChange,16620542.0,5
8,4,A,BenchmarkResolveSilentModes_1000,113897.0,5
8,4,A,BenchmarkScanDirFileHashes_1000,16310558.0,5
8,4,B,BenchmarkFullDirLoad_1000,182634428.0,5
8,4,B,BenchmarkIncrementalLoad_1000_NoChange,16690232.0,5
8,4,B,BenchmarkResolveSilentModes_1000,111345.0,5
8,4,B,BenchmarkScanDirFileHashes_1000,16354136.0,5
8,5,A,BenchmarkFullDirLoad_1000,185043972.0,5
8,5,A,BenchmarkIncrementalLoad_1000_NoChange,16473181.0,5
8,5,A,BenchmarkResolveSilentModes_1000,111854.0,5
8,5,A,BenchmarkScanDirFileHashes_1000,16133979.0,5
8,5,B,BenchmarkFullDirLoad_1000,184458638.0,5
8,5,B,BenchmarkIncrementalLoad_1000_NoChange,16783395.0,5
8,5,B,BenchmarkResolveSilentModes_1000,111944.0,5
8,5,B,BenchmarkScanDirFileHashes_1000,16538427.0,5
8,6,A,BenchmarkFullDirLoad_1000,184418087.0,5
8,6,A,BenchmarkIncrementalLoad_1000_NoChange,16630440.0,5
8,6,A,BenchmarkResolveSilentModes_1000,111127.0,5
8,6,A,BenchmarkScanDirFileHashes_1000,16544522.0,5
8,6,B,BenchmarkFullDirLoad_1000,183920523.0,5
8,6,B,BenchmarkIncrementalLoad_1000_NoChange,16728547.0,5
8,6,B,BenchmarkResolveSilentModes_1000,112787.0,5
8,6,B,BenchmarkScanDirFileHashes_1000,16365185.0,5
9,1,A,BenchmarkFullDirLoad_1000,192030120.0,5
9,1,A,BenchmarkIncrementalLoad_1000_NoChange,13909262.0,5
9,1,A,BenchmarkResolveSilentModes_1000,124948.0,5
9,1,A,BenchmarkScanDirFileHashes_1000,13424573.0,5
9,1,B,BenchmarkFullDirLoad_1000,197092262.0,5
9,1,B,BenchmarkIncrementalLoad_1000_NoChange,14248814.0,5
9,1,B,BenchmarkResolveSilentModes_1000,127750.0,5
9,1,B,BenchmarkScanDirFileHashes_1000,14134632.0,5
9,2,A,BenchmarkFullDirLoad_1000,188361713.0,5
9,2,A,BenchmarkIncrementalLoad_1000_NoChange,13304969.0,5
9,2,A,BenchmarkResolveSilentModes_1000,124293.0,5
9,2,A,BenchmarkScanDirFileHashes_1000,13109214.0,5
9,2,B,BenchmarkFullDirLoad_1000,191790296.0,5
9,2,B,BenchmarkIncrementalLoad_1000_NoChange,13859249.0,5
9,2,B,BenchmarkResolveSilentModes_1000,125695.0,5
9,2,B,BenchmarkScanDirFileHashes_1000,13701465.0,5
9,3,A,BenchmarkFullDirLoad_1000,191603998.0,5
9,3,A,BenchmarkIncrementalLoad_1000_NoChange,13591380.0,5
9,3,A,BenchmarkResolveSilentModes_1000,127033.0,5
9,3,A,BenchmarkScanDirFileHashes_1000,13645998.0,5
9,3,B,BenchmarkFullDirLoad_1000,194275986.0,5
9,3,B,BenchmarkIncrementalLoad_1000_NoChange,14165392.0,5
9,3,B,BenchmarkResolveSilentModes_1000,128055.0,5
9,3,B,BenchmarkScanDirFileHashes_1000,14130640.0,5
9,4,A,BenchmarkFullDirLoad_1000,190221770.0,5
9,4,A,BenchmarkIncrementalLoad_1000_NoChange,13409806.0,5
9,4,A,BenchmarkResolveSilentModes_1000,124451.0,5
9,4,A,BenchmarkScanDirFileHashes_1000,13095031.0,5
9,4,B,BenchmarkFullDirLoad_1000,196529421.0,5
9,4,B,BenchmarkIncrementalLoad_1000_NoChange,14284640.0,5
9,4,B,BenchmarkResolveSilentModes_1000,128104.0,5
9,4,B,BenchmarkScanDirFileHashes_1000,13967867.0,5
9,5,A,BenchmarkFullDirLoad_1000,189467371.0,5
9,5,A,BenchmarkIncrementalLoad_1000_NoChange,13283592.0,5
9,5,A,BenchmarkResolveSilentModes_1000,125817.0,5
9,5,A,BenchmarkScanDirFileHashes_1000,13156963.0,5
9,5,B,BenchmarkFullDirLoad_1000,189978437.0,5
9,5,B,BenchmarkIncrementalLoad_1000_NoChange,13233056.0,5
9,5,B,BenchmarkResolveSilentModes_1000,124173.0,5
9,5,B,BenchmarkScanDirFileHashes_1000,13014986.0,5
9,6,A,BenchmarkFullDirLoad_1000,189421979.0,5
9,6,A,BenchmarkIncrementalLoad_1000_NoChange,13306693.0,5
9,6,A,BenchmarkResolveSilentModes_1000,124997.0,5
9,6,A,BenchmarkScanDirFileHashes_1000,13022281.0,5
9,6,B,BenchmarkFullDirLoad_1000,190674880.0,5
9,6,B,BenchmarkIncrementalLoad_1000_NoChange,13192661.0,5
9,6,B,BenchmarkResolveSilentModes_1000,124409.0,5
9,6,B,BenchmarkScanDirFileHashes_1000,13098125.0,5
10,1,A,BenchmarkFullDirLoad_1000,182695993.0,5
10,1,A,BenchmarkIncrementalLoad_1000_NoChange,12629135.0,5
10,1,A,BenchmarkResolveSilentModes_1000,122205.0,5
10,1,A,BenchmarkScanDirFileHashes_1000,12684220.0,5
10,1,B,BenchmarkFullDirLoad_1000,183732866.0,5
10,1,B,BenchmarkIncrementalLoad_1000_NoChange,12619201.0,5
10,1,B,BenchmarkResolveSilentModes_1000,123296.0,5
10,1,B,BenchmarkScanDirFileHashes_1000,12504634.0,5
10,2,A,BenchmarkFullDirLoad_1000,182837778.0,5
10,2,A,BenchmarkIncrementalLoad_1000_NoChange,12609801.0,5
10,2,A,BenchmarkResolveSilentModes_1000,121985.0,5
10,2,A,BenchmarkScanDirFileHashes_1000,12532965.0,5
10,2,B,BenchmarkFullDirLoad_1000,183737285.0,5
10,2,B,BenchmarkIncrementalLoad_1000_NoChange,12683985.0,5
10,2,B,BenchmarkResolveSilentModes_1000,122995.0,5
10,2,B,BenchmarkScanDirFileHashes_1000,12506071.0,5
10,3,A,BenchmarkFullDirLoad_1000,182599773.0,5
10,3,A,BenchmarkIncrementalLoad_1000_NoChange,12635639.0,5
10,3,A,BenchmarkResolveSilentModes_1000,122911.0,5
10,3,A,BenchmarkScanDirFileHashes_1000,12513637.0,5
10,3,B,BenchmarkFullDirLoad_1000,182952026.0,5
10,3,B,BenchmarkIncrementalLoad_1000_NoChange,12641133.0,5
10,3,B,BenchmarkResolveSilentModes_1000,122377.0,5
10,3,B,BenchmarkScanDirFileHashes_1000,12531503.0,5
10,4,A,BenchmarkFullDirLoad_1000,182678622.0,5
10,4,A,BenchmarkIncrementalLoad_1000_NoChange,12645175.0,5
10,4,A,BenchmarkResolveSilentModes_1000,122292.0,5
10,4,A,BenchmarkScanDirFileHashes_1000,12501558.0,5
10,4,B,BenchmarkFullDirLoad_1000,183347288.0,5
10,4,B,BenchmarkIncrementalLoad_1000_NoChange,12597900.0,5
10,4,B,BenchmarkResolveSilentModes_1000,123517.0,5
10,4,B,BenchmarkScanDirFileHashes_1000,12484597.0,5
10,5,A,BenchmarkFullDirLoad_1000,182412929.0,5
10,5,A,BenchmarkIncrementalLoad_1000_NoChange,12687156.0,5
10,5,A,BenchmarkResolveSilentModes_1000,123154.0,5
10,5,A,BenchmarkScanDirFileHashes_1000,12693304.0,5
10,5,B,BenchmarkFullDirLoad_1000,182991792.0,5
10,5,B,BenchmarkIncrementalLoad_1000_NoChange,12626561.0,5
10,5,B,BenchmarkResolveSilentModes_1000,125201.0,5
10,5,B,BenchmarkScanDirFileHashes_1000,12517295.0,5
10,6,A,BenchmarkFullDirLoad_1000,183188109.0,5
10,6,A,BenchmarkIncrementalLoad_1000_NoChange,12611769.0,5
10,6,A,BenchmarkResolveSilentModes_1000,122870.0,5
10,6,A,BenchmarkScanDirFileHashes_1000,12524570.0,5
10,6,B,BenchmarkFullDirLoad_1000,182327276.0,5
10,6,B,BenchmarkIncrementalLoad_1000_NoChange,12591601.0,5
10,6,B,BenchmarkResolveSilentModes_1000,123754.0,5
10,6,B,BenchmarkScanDirFileHashes_1000,12488912.0,5
11,1,A,BenchmarkFullDirLoad_1000,185853124.0,5
11,1,A,BenchmarkIncrementalLoad_1000_NoChange,12883176.0,5
11,1,A,BenchmarkResolveSilentModes_1000,123868.0,5
11,1,A,BenchmarkScanDirFileHashes_1000,12902066.0,5
11,1,B,BenchmarkFullDirLoad_1000,186815121.0,5
11,1,B,BenchmarkIncrementalLoad_1000_NoChange,12799340.0,5
11,1,B,BenchmarkResolveSilentModes_1000,122408.0,5
11,1,B,BenchmarkScanDirFileHashes_1000,12686775.0,5
11,2,A,BenchmarkFullDirLoad_1000,191756517.0,5
11,2,A,BenchmarkIncrementalLoad_1000_NoChange,13150327.0,5
11,2,A,BenchmarkResolveSilentModes_1000,123758.0,5
11,2,A,BenchmarkScanDirFileHashes_1000,12685063.0,5
11,2,B,BenchmarkFullDirLoad_1000,187537009.0,5
11,2,B,BenchmarkIncrementalLoad_1000_NoChange,13028010.0,5
11,2,B,BenchmarkResolveSilentModes_1000,120097.0,5
11,2,B,BenchmarkScanDirFileHashes_1000,13742878.0,5
11,3,A,BenchmarkFullDirLoad_1000,188088872.0,5
11,3,A,BenchmarkIncrementalLoad_1000_NoChange,12823676.0,5
11,3,A,BenchmarkResolveSilentModes_1000,127773.0,5
11,3,A,BenchmarkScanDirFileHashes_1000,12690396.0,5
11,3,B,BenchmarkFullDirLoad_1000,187442600.0,5
11,3,B,BenchmarkIncrementalLoad_1000_NoChange,12942757.0,5
11,3,B,BenchmarkResolveSilentModes_1000,122562.0,5
11,3,B,BenchmarkScanDirFileHashes_1000,12746691.0,5
11,4,A,BenchmarkFullDirLoad_1000,185266871.0,5
11,4,A,BenchmarkIncrementalLoad_1000_NoChange,12911828.0,5
11,4,A,BenchmarkResolveSilentModes_1000,120798.0,5
11,4,A,BenchmarkScanDirFileHashes_1000,12663253.0,5
11,4,B,BenchmarkFullDirLoad_1000,185495938.0,5
11,4,B,BenchmarkIncrementalLoad_1000_NoChange,12729510.0,5
11,4,B,BenchmarkResolveSilentModes_1000,120966.0,5
11,4,B,BenchmarkScanDirFileHashes_1000,12645976.0,5
11,5,A,BenchmarkFullDirLoad_1000,184456804.0,5
11,5,A,BenchmarkIncrementalLoad_1000_NoChange,12766212.0,5
11,5,A,BenchmarkResolveSilentModes_1000,122476.0,5
11,5,A,BenchmarkScanDirFileHashes_1000,12647491.0,5
11,5,B,BenchmarkFullDirLoad_1000,185293319.0,5
11,5,B,BenchmarkIncrementalLoad_1000_NoChange,12729311.0,5
11,5,B,BenchmarkResolveSilentModes_1000,122041.0,5
11,5,B,BenchmarkScanDirFileHashes_1000,12667618.0,5
11,6,A,BenchmarkFullDirLoad_1000,190955412.0,5
11,6,A,BenchmarkIncrementalLoad_1000_NoChange,13596536.0,5
11,6,A,BenchmarkResolveSilentModes_1000,124091.0,5
11,6,A,BenchmarkScanDirFileHashes_1000,13585364.0,5
11,6,B,BenchmarkFullDirLoad_1000,188238003.0,5
11,6,B,BenchmarkIncrementalLoad_1000_NoChange,13444088.0,5
11,6,B,BenchmarkResolveSilentModes_1000,122130.0,5
11,6,B,BenchmarkScanDirFileHashes_1000,13186005.0,5
12,1,A,BenchmarkFullDirLoad_1000,181976290.0,5
12,1,A,BenchmarkIncrementalLoad_1000_NoChange,16614140.0,5
12,1,A,BenchmarkResolveSilentModes_1000,122851.0,5
12,1,A,BenchmarkScanDirFileHashes_1000,16105530.0,5
12,1,B,BenchmarkFullDirLoad_1000,182045993.0,5
12,1,B,BenchmarkIncrementalLoad_1000_NoChange,16557076.0,5
12,1,B,BenchmarkResolveSilentModes_1000,115014.0,5
12,1,B,BenchmarkScanDirFileHashes_1000,16124618.0,5
12,2,A,BenchmarkFullDirLoad_1000,186044698.0,5
12,2,A,BenchmarkIncrementalLoad_1000_NoChange,16624675.0,5
12,2,A,BenchmarkResolveSilentModes_1000,113832.0,5
12,2,A,BenchmarkScanDirFileHashes_1000,16726476.0,5
12,2,B,BenchmarkFullDirLoad_1000,183151671.0,5
12,2,B,BenchmarkIncrementalLoad_1000_NoChange,16535355.0,5
12,2,B,BenchmarkResolveSilentModes_1000,113530.0,5
12,2,B,BenchmarkScanDirFileHashes_1000,16599446.0,5
12,3,A,BenchmarkFullDirLoad_1000,184134185.0,5
12,3,A,BenchmarkIncrementalLoad_1000_NoChange,16520596.0,5
12,3,A,BenchmarkResolveSilentModes_1000,116980.0,5
12,3,A,BenchmarkScanDirFileHashes_1000,16514472.0,5
12,3,B,BenchmarkFullDirLoad_1000,184843786.0,5
12,3,B,BenchmarkIncrementalLoad_1000_NoChange,16651016.0,5
12,3,B,BenchmarkResolveSilentModes_1000,115226.0,5
12,3,B,BenchmarkScanDirFileHashes_1000,16066303.0,5
12,4,A,BenchmarkFullDirLoad_1000,181973578.0,5
12,4,A,BenchmarkIncrementalLoad_1000_NoChange,16433433.0,5
12,4,A,BenchmarkResolveSilentModes_1000,113820.0,5
12,4,A,BenchmarkScanDirFileHashes_1000,16189258.0,5
12,4,B,BenchmarkFullDirLoad_1000,181341880.0,5
12,4,B,BenchmarkIncrementalLoad_1000_NoChange,16489109.0,5
12,4,B,BenchmarkResolveSilentModes_1000,112710.0,5
12,4,B,BenchmarkScanDirFileHashes_1000,16222301.0,5
12,5,A,BenchmarkFullDirLoad_1000,183830099.0,5
12,5,A,BenchmarkIncrementalLoad_1000_NoChange,16393022.0,5
12,5,A,BenchmarkResolveSilentModes_1000,115659.0,5
12,5,A,BenchmarkScanDirFileHashes_1000,16379898.0,5
12,5,B,BenchmarkFullDirLoad_1000,182150271.0,5
12,5,B,BenchmarkIncrementalLoad_1000_NoChange,16521774.0,5
12,5,B,BenchmarkResolveSilentModes_1000,115748.0,5
12,5,B,BenchmarkScanDirFileHashes_1000,16093982.0,5
12,6,A,BenchmarkFullDirLoad_1000,182462722.0,5
12,6,A,BenchmarkIncrementalLoad_1000_NoChange,16460996.0,5
12,6,A,BenchmarkResolveSilentModes_1000,113056.0,5
12,6,A,BenchmarkScanDirFileHashes_1000,16161348.0,5
12,6,B,BenchmarkFullDirLoad_1000,181599298.0,5
12,6,B,BenchmarkIncrementalLoad_1000_NoChange,16500262.0,5
12,6,B,BenchmarkResolveSilentModes_1000,114069.0,5
12,6,B,BenchmarkScanDirFileHashes_1000,16131000.0,5
13,1,A,BenchmarkFullDirLoad_1000,187056648.0,5
13,1,A,BenchmarkIncrementalLoad_1000_NoChange,16795999.0,5
13,1,A,BenchmarkResolveSilentModes_1000,112610.0,5
13,1,A,BenchmarkScanDirFileHashes_1000,16221955.0,5
13,1,B,BenchmarkFullDirLoad_1000,181807778.0,5
13,1,B,BenchmarkIncrementalLoad_1000_NoChange,16747057.0,5
13,1,B,BenchmarkResolveSilentModes_1000,113339.0,5
13,1,B,BenchmarkScanDirFileHashes_1000,16132239.0,5
13,2,A,BenchmarkFullDirLoad_1000,184630664.0,5
13,2,A,BenchmarkIncrementalLoad_1000_NoChange,16275515.0,5
13,2,A,BenchmarkResolveSilentModes_1000,112621.0,5
13,2,A,BenchmarkScanDirFileHashes_1000,16207289.0,5
13,2,B,BenchmarkFullDirLoad_1000,182893259.0,5
13,2,B,BenchmarkIncrementalLoad_1000_NoChange,16374503.0,5
13,2,B,BenchmarkResolveSilentModes_1000,112304.0,5
13,2,B,BenchmarkScanDirFileHashes_1000,15980571.0,5
13,3,A,BenchmarkFullDirLoad_1000,180683160.0,5
13,3,A,BenchmarkIncrementalLoad_1000_NoChange,16020847.0,5
13,3,A,BenchmarkResolveSilentModes_1000,112461.0,5
13,3,A,BenchmarkScanDirFileHashes_1000,15760051.0,5
13,3,B,BenchmarkFullDirLoad_1000,182605890.0,5
13,3,B,BenchmarkIncrementalLoad_1000_NoChange,16385926.0,5
13,3,B,BenchmarkResolveSilentModes_1000,113097.0,5
13,3,B,BenchmarkScanDirFileHashes_1000,16164208.0,5
13,4,A,BenchmarkFullDirLoad_1000,178810912.0,5
13,4,A,BenchmarkIncrementalLoad_1000_NoChange,15809090.0,5
13,4,A,BenchmarkResolveSilentModes_1000,112140.0,5
13,4,A,BenchmarkScanDirFileHashes_1000,15621009.0,5
13,4,B,BenchmarkFullDirLoad_1000,182240629.0,5
13,4,B,BenchmarkIncrementalLoad_1000_NoChange,16141821.0,5
13,4,B,BenchmarkResolveSilentModes_1000,113228.0,5
13,4,B,BenchmarkScanDirFileHashes_1000,15813845.0,5
13,5,A,BenchmarkFullDirLoad_1000,179264031.0,5
13,5,A,BenchmarkIncrementalLoad_1000_NoChange,16063775.0,5
13,5,A,BenchmarkResolveSilentModes_1000,111654.0,5
13,5,A,BenchmarkScanDirFileHashes_1000,15780962.0,5
13,5,B,BenchmarkFullDirLoad_1000,179471232.0,5
13,5,B,BenchmarkIncrementalLoad_1000_NoChange,15943834.0,5
13,5,B,BenchmarkResolveSilentModes_1000,112621.0,5
13,5,B,BenchmarkScanDirFileHashes_1000,15748416.0,5
13,6,A,BenchmarkFullDirLoad_1000,177955476.0,5
13,6,A,BenchmarkIncrementalLoad_1000_NoChange,15941240.0,5
13,6,A,BenchmarkResolveSilentModes_1000,112300.0,5
13,6,A,BenchmarkScanDirFileHashes_1000,15788953.0,5
13,6,B,BenchmarkFullDirLoad_1000,178791584.0,5
13,6,B,BenchmarkIncrementalLoad_1000_NoChange,15897111.0,5
13,6,B,BenchmarkResolveSilentModes_1000,111588.0,5
13,6,B,BenchmarkScanDirFileHashes_1000,15724491.0,5
14,1,A,BenchmarkFullDirLoad_1000,196278096.0,5
14,1,A,BenchmarkIncrementalLoad_1000_NoChange,14036303.0,5
14,1,A,BenchmarkResolveSilentModes_1000,123855.0,5
14,1,A,BenchmarkScanDirFileHashes_1000,13496610.0,5
14,1,B,BenchmarkFullDirLoad_1000,192171980.0,5
14,1,B,BenchmarkIncrementalLoad_1000_NoChange,13685173.0,5
14,1,B,BenchmarkResolveSilentModes_1000,125931.0,5
14,1,B,BenchmarkScanDirFileHashes_1000,13365746.0,5
14,2,A,BenchmarkFullDirLoad_1000,193526738.0,5
14,2,A,BenchmarkIncrementalLoad_1000_NoChange,13724404.0,5
14,2,A,BenchmarkResolveSilentModes_1000,123586.0,5
14,2,A,BenchmarkScanDirFileHashes_1000,13567639.0,5
14,2,B,BenchmarkFullDirLoad_1000,193251849.0,5
14,2,B,BenchmarkIncrementalLoad_1000_NoChange,13870929.0,5
14,2,B,BenchmarkResolveSilentModes_1000,125317.0,5
14,2,B,BenchmarkScanDirFileHashes_1000,13715333.0,5
14,3,A,BenchmarkFullDirLoad_1000,193800433.0,5
14,3,A,BenchmarkIncrementalLoad_1000_NoChange,13686835.0,5
14,3,A,BenchmarkResolveSilentModes_1000,123744.0,5
14,3,A,BenchmarkScanDirFileHashes_1000,13261038.0,5
14,3,B,BenchmarkFullDirLoad_1000,194420838.0,5
14,3,B,BenchmarkIncrementalLoad_1000_NoChange,13716636.0,5
14,3,B,BenchmarkResolveSilentModes_1000,123373.0,5
14,3,B,BenchmarkScanDirFileHashes_1000,13380431.0,5
14,4,A,BenchmarkFullDirLoad_1000,192261402.0,5
14,4,A,BenchmarkIncrementalLoad_1000_NoChange,13621318.0,5
14,4,A,BenchmarkResolveSilentModes_1000,122348.0,5
14,4,A,BenchmarkScanDirFileHashes_1000,13508234.0,5
14,4,B,BenchmarkFullDirLoad_1000,193879792.0,5
14,4,B,BenchmarkIncrementalLoad_1000_NoChange,13626431.0,5
14,4,B,BenchmarkResolveSilentModes_1000,126959.0,5
14,4,B,BenchmarkScanDirFileHashes_1000,13505928.0,5
14,5,A,BenchmarkFullDirLoad_1000,193880654.0,5
14,5,A,BenchmarkIncrementalLoad_1000_NoChange,13934887.0,5
14,5,A,BenchmarkResolveSilentModes_1000,123254.0,5
14,5,A,BenchmarkScanDirFileHashes_1000,13642442.0,5
14,5,B,BenchmarkFullDirLoad_1000,193510283.0,5
14,5,B,BenchmarkIncrementalLoad_1000_NoChange,13630587.0,5
14,5,B,BenchmarkResolveSilentModes_1000,125668.0,5
14,5,B,BenchmarkScanDirFileHashes_1000,13469042.0,5
14,6,A,BenchmarkFullDirLoad_1000,194371701.0,5
14,6,A,BenchmarkIncrementalLoad_1000_NoChange,13687143.0,5
14,6,A,BenchmarkResolveSilentModes_1000,123057.0,5
14,6,A,BenchmarkScanDirFileHashes_1000,13566862.0,5
14,6,B,BenchmarkFullDirLoad_1000,191897718.0,5
14,6,B,BenchmarkIncrementalLoad_1000_NoChange,13686688.0,5
14,6,B,BenchmarkResolveSilentModes_1000,123959.0,5
14,6,B,BenchmarkScanDirFileHashes_1000,13717420.0,5
15,1,A,BenchmarkFullDirLoad_1000,159934812.0,5
15,1,A,BenchmarkIncrementalLoad_1000_NoChange,7900066.0,5
15,1,A,BenchmarkResolveSilentModes_1000,112841.0,5
15,1,A,BenchmarkScanDirFileHashes_1000,7764690.0,5
15,1,B,BenchmarkFullDirLoad_1000,160833480.0,5
15,1,B,BenchmarkIncrementalLoad_1000_NoChange,7948894.0,5
15,1,B,BenchmarkResolveSilentModes_1000,113013.0,5
15,1,B,BenchmarkScanDirFileHashes_1000,7828569.0,5
15,2,A,BenchmarkFullDirLoad_1000,163644134.0,5
15,2,A,BenchmarkIncrementalLoad_1000_NoChange,7930817.0,5
15,2,A,BenchmarkResolveSilentModes_1000,110458.0,5
15,2,A,BenchmarkScanDirFileHashes_1000,7735126.0,5
15,2,B,BenchmarkFullDirLoad_1000,161332475.0,5
15,2,B,BenchmarkIncrementalLoad_1000_NoChange,7965468.0,5
15,2,B,BenchmarkResolveSilentModes_1000,113399.0,5
15,2,B,BenchmarkScanDirFileHashes_1000,7786120.0,5
15,3,A,BenchmarkFullDirLoad_1000,160648237.0,5
15,3,A,BenchmarkIncrementalLoad_1000_NoChange,7901516.0,5
15,3,A,BenchmarkResolveSilentModes_1000,112723.0,5
15,3,A,BenchmarkScanDirFileHashes_1000,7713234.0,5
15,3,B,BenchmarkFullDirLoad_1000,160902635.0,5
15,3,B,BenchmarkIncrementalLoad_1000_NoChange,7975730.0,5
15,3,B,BenchmarkResolveSilentModes_1000,111904.0,5
15,3,B,BenchmarkScanDirFileHashes_1000,7682110.0,5
15,4,A,BenchmarkFullDirLoad_1000,163280412.0,5
15,4,A,BenchmarkIncrementalLoad_1000_NoChange,7946271.0,5
15,4,A,BenchmarkResolveSilentModes_1000,112773.0,5
15,4,A,BenchmarkScanDirFileHashes_1000,7819311.0,5
15,4,B,BenchmarkFullDirLoad_1000,160505876.0,5
15,4,B,BenchmarkIncrementalLoad_1000_NoChange,7929585.0,5
15,4,B,BenchmarkResolveSilentModes_1000,113643.0,5
15,4,B,BenchmarkScanDirFileHashes_1000,7740059.0,5
15,5,A,BenchmarkFullDirLoad_1000,160062059.0,5
15,5,A,BenchmarkIncrementalLoad_1000_NoChange,7906293.0,5
15,5,A,BenchmarkResolveSilentModes_1000,112131.0,5
15,5,A,BenchmarkScanDirFileHashes_1000,7822079.0,5
15,5,B,BenchmarkFullDirLoad_1000,160395236.0,5
15,5,B,BenchmarkIncrementalLoad_1000_NoChange,7922203.0,5
15,5,B,BenchmarkResolveSilentModes_1000,114618.0,5
15,5,B,BenchmarkScanDirFileHashes_1000,7688238.0,5
15,6,A,BenchmarkFullDirLoad_1000,158894670.0,5
15,6,A,BenchmarkIncrementalLoad_1000_NoChange,7778416.0,5
15,6,A,BenchmarkResolveSilentModes_1000,111759.0,5
15,6,A,BenchmarkScanDirFileHashes_1000,7621616.0,5
15,6,B,BenchmarkFullDirLoad_1000,161370864.0,5
15,6,B,BenchmarkIncrementalLoad_1000_NoChange,7935068.0,5
15,6,B,BenchmarkResolveSilentModes_1000,112356.0,5
15,6,B,BenchmarkScanDirFileHashes_1000,7621614.0,5
16,1,A,BenchmarkFullDirLoad_1000,187758909.0,5
16,1,A,BenchmarkIncrementalLoad_1000_NoChange,13052895.0,5
16,1,A,BenchmarkResolveSilentModes_1000,123275.0,5
16,1,A,BenchmarkScanDirFileHashes_1000,12889018.0,5
16,1,B,BenchmarkFullDirLoad_1000,188013427.0,5
16,1,B,BenchmarkIncrementalLoad_1000_NoChange,12987048.0,5
16,1,B,BenchmarkResolveSilentModes_1000,123758.0,5
16,1,B,BenchmarkScanDirFileHashes_1000,12902853.0,5
16,2,A,BenchmarkFullDirLoad_1000,188552566.0,5
16,2,A,BenchmarkIncrementalLoad_1000_NoChange,13000206.0,5
16,2,A,BenchmarkResolveSilentModes_1000,124291.0,5
16,2,A,BenchmarkScanDirFileHashes_1000,12863907.0,5
16,2,B,BenchmarkFullDirLoad_1000,188618080.0,5
16,2,B,BenchmarkIncrementalLoad_1000_NoChange,12979672.0,5
16,2,B,BenchmarkResolveSilentModes_1000,123928.0,5
16,2,B,BenchmarkScanDirFileHashes_1000,12924367.0,5
16,3,A,BenchmarkFullDirLoad_1000,187637367.0,5
16,3,A,BenchmarkIncrementalLoad_1000_NoChange,12967977.0,5
16,3,A,BenchmarkResolveSilentModes_1000,124188.0,5
16,3,A,BenchmarkScanDirFileHashes_1000,12857132.0,5
16,3,B,BenchmarkFullDirLoad_1000,188251815.0,5
16,3,B,BenchmarkIncrementalLoad_1000_NoChange,13012426.0,5
16,3,B,BenchmarkResolveSilentModes_1000,125087.0,5
16,3,B,BenchmarkScanDirFileHashes_1000,12865982.0,5
16,4,A,BenchmarkFullDirLoad_1000,187607636.0,5
16,4,A,BenchmarkIncrementalLoad_1000_NoChange,13006518.0,5
16,4,A,BenchmarkResolveSilentModes_1000,123954.0,5
16,4,A,BenchmarkScanDirFileHashes_1000,12869826.0,5
16,4,B,BenchmarkFullDirLoad_1000,187642526.0,5
16,4,B,BenchmarkIncrementalLoad_1000_NoChange,12949542.0,5
16,4,B,BenchmarkResolveSilentModes_1000,124939.0,5
16,4,B,BenchmarkScanDirFileHashes_1000,12826157.0,5
16,5,A,BenchmarkFullDirLoad_1000,188208908.0,5
16,5,A,BenchmarkIncrementalLoad_1000_NoChange,13028507.0,5
16,5,A,BenchmarkResolveSilentModes_1000,125554.0,5
16,5,A,BenchmarkScanDirFileHashes_1000,12867474.0,5
16,5,B,BenchmarkFullDirLoad_1000,189056955.0,5
16,5,B,BenchmarkIncrementalLoad_1000_NoChange,13012283.0,5
16,5,B,BenchmarkResolveSilentModes_1000,126555.0,5
16,5,B,BenchmarkScanDirFileHashes_1000,12877178.0,5
16,6,A,BenchmarkFullDirLoad_1000,189220956.0,5
16,6,A,BenchmarkIncrementalLoad_1000_NoChange,13006061.0,5
16,6,A,BenchmarkResolveSilentModes_1000,123552.0,5
16,6,A,BenchmarkScanDirFileHashes_1000,12846010.0,5
16,6,B,BenchmarkFullDirLoad_1000,188690659.0,5
16,6,B,BenchmarkIncrementalLoad_1000_NoChange,13044559.0,5
16,6,B,BenchmarkResolveSilentModes_1000,124153.0,5
16,6,B,BenchmarkScanDirFileHashes_1000,12942807.0,5
